id;employee_id;name;salary;designation
1;calculate networks;Account modular Concrete;45464;deposit
2;leading-edge;interfaces override;83938;Home
3;Wooden;monitor Account Garden;48992;reinvent orchestrate
4;Africa synergy Albania;mobile Granite;12793;value-added
5;open-source;alarm;44379;time-frame calculate
6;Soap;Fish Devolved rich;65826;Expressway infrastructures
7;Sleek;Infrastructure Bike;84273;initiatives invoice white
8;Forward microchip;Secured;4028;Mandatory Alaska
9;Small architecture;Profound Chair;7900;Loan
10;upward-trending;Soft Steel Awesome;39718;Pataca
